{
  "temp$15": {"7": [7]},
  "temp$16": {"7": [7]},
  "temp$17": {"7": [7]},
  "temp$18": {"7": [7]},
  "temp$11": {"6": [6]},
  "temp$12": {"6": [6]},
  "temp$13": {"7": [7]},
  "temp$14": {"7": [7]},
  "temp$19": {"7": [7]},
  "temp$10": {"6": [6]},
  "avgCircleTime": {
    "7": [
      0,
      7
    ],
    "8": [
      0,
      7,
      8
    ]
  },
  "temp$40": {"8": [8]},
  "temp$41": {"8": [8]},
  "temp$42": {"8": [8]},
  "temp$43": {"8": [8]},
  "lst": {"8": [0]},
  "temp$44": {"8": [8]},
  "temp$46": {"8": [8]},
  "temp$31": {"7": [7]},
  "temp$32": {"7": [7]},
  "temp$30": {"7": [7]},
  "avgCircleTimeWP": {
    "7": [
      0,
      7
    ],
    "8": [
      0,
      7,
      8
    ]
  },
  "temp$36": {"8": [8]},
  "temp$35": {"7": [7]},
  "temp$34": {"7": [7]},
  "temp$33": {"7": [7]},
  "temp$39": {"8": [8]},
  "temp$38": {"8": [8]},
  "temp$37": {"8": [8]},
  "temp$20": {"7": [7]},
  "temp$21": {"7": [7]},
  "works": {
    "1": [0],
    "7": [0],
    "6": [0],
    "5": [0],
    "8": [0]
  },
  "i": {
    "3": [
      0,
      7
    ],
    "1": [
      0,
      7
    ],
    "7": [
      0,
      7
    ],
    "6": [
      0,
      7
    ],
    "5": [
      0,
      7
    ]
  },
  "temp$1": {"1": [1]},
  "temp$0": {"0": [0]},
  "temp$3": {"5": [5]},
  "temp$2": {"5": [5]},
  "temp$5": {"5": [5]},
  "temp$4": {"5": [5]},
  "temp$7": {"5": [5]},
  "temp$6": {"5": [5]},
  "temp$9": {"6": [6]},
  "temp$23": {"7": [7]},
  "temp$22": {"7": [7]},
  "temp$8": {"6": [6]},
  "temp$25": {"7": [7]},
  "temp$24": {"7": [7]},
  "temp$27": {"7": [7]},
  "temp$26": {"7": [7]},
  "temp$29": {"7": [7]},
  "temp$28": {"7": [7]}
}