{
  "temp$15": {"15": [15]},
  "temp$11": {"7": [7]},
  "temp$12": {"15": [15]},
  "temp$13": {"15": [15]},
  "temp$14": {"15": [15]},
  "a": {
    "2": [0],
    "7": [0],
    "4": [0],
    "15": [0],
    "16": [0],
    "12": [0]
  },
  "j": {
    "10": [7],
    "7": [
      2,
      7
    ],
    "12": [7]
  },
  "i": {
    "10": [4],
    "4": [
      2,
      4
    ],
    "15": [4],
    "12": [4]
  },
  "temp$1": {"0": [0]},
  "pivot": {
    "7": [2],
    "4": [2]
  },
  "temp$0": {"0": [0]},
  "temp$3": {"2": [2]},
  "temp$2": {"2": [2]},
  "temp$5": {"4": [4]},
  "temp$4": {"4": [4]},
  "temp$7": {"4": [4]},
  "temp$6": {"4": [4]},
  "temp$9": {"7": [7]},
  "temp$8": {"7": [7]},
  "temp$10": {"7": [7]},
  "left": {
    "2": [0],
    "0": [0],
    "15": [0],
    "16": [0]
  },
  "right": {
    "2": [0],
    "0": [0],
    "15": [0],
    "16": [0]
  }
}