{
  "temp$15": {"6": [6]},
  "temp$16": {"6": [6]},
  "temp$17": {"6": [6]},
  "temp$18": {"6": [6]},
  "temp$11": {"3": [3]},
  "temp$12": {"3": [3]},
  "temp$13": {"3": [3]},
  "temp$14": {"3": [3]},
  "temp$19": {"6": [6]},
  "center": {
    "2": [0],
    "0": [0],
    "6": [0],
    "9": [0],
    "8": [0]
  },
  "left": {
    "3": [0],
    "2": [0],
    "0": [0],
    "5": [0]
  },
  "temp$10": {"3": [3]},
  "right": {
    "3": [0],
    "0": [0],
    "6": [0],
    "5": [0],
    "9": [0],
    "8": [0]
  },
  "temp$20": {"6": [6]},
  "temp$21": {"9": [9]},
  "a": {
    "3": [0],
    "2": [0],
    "0": [0],
    "6": [0],
    "5": [0],
    "9": [0],
    "8": [0]
  },
  "temp$1": {"0": [0]},
  "temp$0": {"0": [0]},
  "temp$3": {"0": [0]},
  "temp$2": {"0": [0]},
  "temp$5": {"0": [0]},
  "temp$4": {"0": [0]},
  "temp$7": {"0": [0]},
  "temp$6": {"0": [0]},
  "temp$23": {"9": [9]},
  "temp$9": {"3": [3]},
  "temp$22": {"9": [9]},
  "temp$8": {"0": [0]},
  "temp$25": {"9": [9]},
  "temp$24": {"9": [9]}
}