{
  "temp$15": {"9": [9]},
  "temp$16": {"9": [9]},
  "temp$17": {"9": [9]},
  "temp$18": {"9": [9]},
  "temp$11": {"8": [8]},
  "temp$12": {"8": [8]},
  "temp$13": {"8": [8]},
  "temp$14": {"8": [8]},
  "a": {
    "3": [0],
    "6": [0],
    "9": [0],
    "8": [0]
  },
  "j": {
    "6": [
      3,
      8
    ],
    "4": [
      3,
      8
    ],
    "9": [
      3,
      8
    ],
    "8": [
      3,
      8
    ]
  },
  "temp$1": {"3": [3]},
  "temp$0": {"0": [0]},
  "temp$3": {"6": [6]},
  "temp$2": {"3": [3]},
  "temp$5": {"6": [6]},
  "temp$4": {"6": [6]},
  "temp$7": {"8": [8]},
  "temp$6": {"6": [6]},
  "p": {
    "3": [
      0,
      9
    ],
    "1": [
      0,
      9
    ],
    "9": [
      0,
      9
    ]
  },
  "temp$9": {"8": [8]},
  "temp$8": {"8": [8]},
  "tmp": {
    "6": [3],
    "9": [3]
  },
  "temp$10": {"8": [8]},
  "left": {
    "0": [0],
    "4": [0]
  },
  "right": {"1": [0]}
}